name,image_url,image_path
Precious Achiuwa,https://basketball.realgm.com/images/nba/4.2/profiles/photos/2006/Achiuwa_Precious_nyk24.jpg,Precious_Achiuwa.jpg
Steven Adams,https://basketball.realgm.com/images/nba/4.2/profiles/photos/2006/Adams_Steven_hou24.jpg,Steven_Adams.jpg
Bam Adebayo,https://basketball.realgm.com/images/nba/4.2/profiles/photos/2006/Adebayo_Bam_mia24.jpg,Bam_Adebayo.jpg
Ochai Agbaji,https://basketball.realgm.com/images/nba/4.2/profiles/photos/2006/Agbaji_Ochai_tor24.jpg,Ochai_Agbaji.jpg
Santi Aldama,https://basketball.realgm.com/images/nba/4.2/profiles/photos/2006/Aldama_Santi_mem24.jpg,Santi_Aldama.jpg
Trey Alexander,https://basketball.realgm.com/images/nba/4.2/profiles/photos/2006/Alexander_Trey_den24.jpg,Trey_Alexander.jpg
Nickeil Alexander-Walker,https://basketball.realgm.com/images/nba/4.2/profiles/photos/2006/Walker_Nickeil_min24.jpg,Nickeil_Alexander-Walker.jpg
Grayson Allen,https://basketball.realgm.com/images/nba/4.2/profiles/photos/2006/Allen_Grayson_phx24.jpg,Grayson_Allen.jpg
Jarrett Allen,https://basketball.realgm.com/images/nba/4.2/profiles/photos/2006/Allen_Jarrett_cle24.jpg,Jarrett_Allen.jpg
Jose Alvarado,https://basketball.realgm.com/images/nba/4.2/profiles/photos/2006/Alvarado_Jose_nop24.jpg,Jose_Alvarado.jpg
Kyle Anderson,https://basketball.realgm.com/images/nba/4.2/profiles/photos/2006/Anderson_Kyle_gsw24.jpg,Kyle_Anderson.jpg
Giannis Antetokounmpo,https://basketball.realgm.com/images/nba/4.2/profiles/photos/2006/Antetokounmpo_Giannis_mil24.jpg,Giannis_Antetokounmpo.jpg
Cole Anthony,https://basketball.realgm.com/images/nba/4.2/profiles/photos/2006/Anthony_Cole_orl24.jpg,Cole_Anthony.jpg
OG Anunoby,https://basketball.realgm.com/images/nba/4.2/profiles/photos/2006/Anunoby_OG_nyk24.jpg,OG_Anunoby.jpg
Taran Armstrong,https://basketball.realgm.com/images/nba/4.2/profiles/photos/2006/Armstrong_Taran_22w.jpg,Taran_Armstrong.jpg
Deni Avdija,https://basketball.realgm.com/images/nba/4.2/profiles/photos/2006/Avdija_Deni_por24.jpg,Deni_Avdija.jpg
Deandre Ayton,https://basketball.realgm.com/images/nba/4.2/profiles/photos/2006/Ayton_Deandre_por24.jpg,Deandre_Ayton.jpg
Marvin Bagley III,https://basketball.realgm.com/images/nba/4.2/profiles/photos/2006/Bagley_Marvin_was24.jpg,Marvin_Bagley_III.jpg
"Patrick Baldwin, Jr.",https://basketball.realgm.com/images/nba/4.2/profiles/photos/2006/Baldwin_Patrick_was24.jpg,"Patrick_Baldwin,_Jr..jpg"
LaMelo Ball,https://basketball.realgm.com/images/nba/4.2/profiles/photos/2006/Ball_Lamelo_cha24.jpg,LaMelo_Ball.jpg
Lonzo Ball,https://basketball.realgm.com/images/nba/4.2/profiles/photos/2006/Ball_Lonzo_chi24.jpg,Lonzo_Ball.jpg
Paolo Banchero,https://basketball.realgm.com/images/nba/4.2/profiles/photos/2006/Banchero_Paolo_orl24.jpg,Paolo_Banchero.jpg
Desmond Bane,https://basketball.realgm.com/images/nba/4.2/profiles/photos/2006/Bane_Desmond_mem24.jpg,Desmond_Bane.jpg
Dalano Banton,https://basketball.realgm.com/images/nba/4.2/profiles/photos/2006/Banton_Dalano_por24.jpg,Dalano_Banton.jpg
Dominick Barlow,https://basketball.realgm.com/images/nba/4.2/profiles/photos/2006/Barlow_Dominick_atl24.jpg,Dominick_Barlow.jpg
Harrison Barnes,https://basketball.realgm.com/images/nba/4.2/profiles/photos/2006/Barnes_Harrison_sas24.jpg,Harrison_Barnes.jpg
Scottie Barnes,https://basketball.realgm.com/images/nba/4.2/profiles/photos/2006/Barnes_Scottie_tor24.jpg,Scottie_Barnes.jpg
R.J. Barrett,https://basketball.realgm.com/images/nba/4.2/profiles/photos/2006/Barrett_RJ_tor24.jpg,R.J._Barrett.jpg
Charles Bassey,https://basketball.realgm.com/images/nba/4.2/profiles/photos/2006/Bassey_Charles_sas24.jpg,Charles_Bassey.jpg
Emoni Bates,https://basketball.realgm.com/images/nba/4.2/profiles/photos/2006/Bates_Emoni_cle24.jpg,Emoni_Bates.jpg
Jamison Battle,https://basketball.realgm.com/images/nba/4.2/profiles/photos/2006/Battle_Jamison_tor24.jpg,Jamison_Battle.jpg
Nicolas Batum,https://basketball.realgm.com/images/nba/4.2/profiles/photos/2006/Batum_Nicolas_lac24.jpg,Nicolas_Batum.jpg
Damion Baugh,https://basketball.realgm.com/images/nba/4.2/profiles/photos/2006/Baugh_Damion_lal23.jpg,Damion_Baugh.jpg
Bradley Beal,https://basketball.realgm.com/images/nba/4.2/profiles/photos/2006/Beal_Bradley_phx24.jpg,Bradley_Beal.jpg
Malik Beasley,https://basketball.realgm.com/images/nba/4.2/profiles/photos/2006/Beasley_Malik_mil23.jpg,Malik_Beasley.jpg
Reece Beekman,https://basketball.realgm.com/images/nba/4.2/profiles/photos/2006/Beekman_Reece_gsw24.jpg,Reece_Beekman.jpg
Saddiq Bey,https://basketball.realgm.com/images/nba/4.2/profiles/photos/2006/Bey_Saddiq_was24.jpg,Saddiq_Bey.jpg
Goga Bitadze,https://basketball.realgm.com/images/nba/4.2/profiles/photos/2006/Bitadze_Goga_orl24.jpg,Goga_Bitadze.jpg
Bismack Biyombo,https://basketball.realgm.com/images/nba/4.2/profiles/photos/2006/Biyombo_Bismack_phx22.jpg,Bismack_Biyombo.jpg
Anthony Black,https://basketball.realgm.com/images/nba/4.2/profiles/photos/2006/Black_Anthony_orl24.jpg,Anthony_Black.jpg
Bogdan Bogdanovic,https://basketball.realgm.com/images/nba/4.2/profiles/photos/2006/Bogdanovic_Bogdan_atl24.jpg,Bogdan_Bogdanovic.jpg
Bol Bol,https://basketball.realgm.com/images/nba/4.2/profiles/photos/2006/Bol_Bol_phx24.jpg,Bol_Bol.jpg
Adem Bona,https://basketball.realgm.com/images/nba/4.2/profiles/photos/2006/Bona_Adem_phi24.jpg,Adem_Bona.jpg
Devin Booker,https://basketball.realgm.com/images/nba/4.2/profiles/photos/2006/Booker_Devin_phx24.jpg,Devin_Booker.jpg
"B.J. Boston, Jr.",https://basketball.realgm.com/images/nba/4.2/profiles/photos/2006/Boston_Brandon_sas24.jpg,"B.J._Boston,_Jr..jpg"
Chris Boucher,https://basketball.realgm.com/images/nba/4.2/profiles/photos/2006/Boucher_Chris_tor24.jpg,Chris_Boucher.jpg
Tony Bradley,https://basketball.realgm.com/images/nba/4.2/profiles/photos/2006/Bradley_Tony_chi22.jpg,Tony_Bradley.jpg
Malaki Branham,https://basketball.realgm.com/images/nba/4.2/profiles/photos/2006/Branham_Malachi_sas24.jpg,Malaki_Branham.jpg
Christian Braun,https://basketball.realgm.com/images/nba/4.2/profiles/photos/2006/Braun_Christian_den24.jpg,Christian_Braun.jpg
Jalen Bridges,https://basketball.realgm.com/images/nba/4.2/profiles/photos/2006/Bridges_Jalen_phx24.jpg,Jalen_Bridges.jpg
Mikal Bridges,https://basketball.realgm.com/images/nba/4.2/profiles/photos/2006/Bridges_Mikal_nyk24.jpg,Mikal_Bridges.jpg
Miles Bridges,https://basketball.realgm.com/images/nba/4.2/profiles/photos/2006/Bridges_Miles_cha24.jpg,Miles_Bridges.jpg
Malcolm Brogdon,https://basketball.realgm.com/images/nba/4.2/profiles/photos/2006/Brogdon_Malcolm_was24.jpg,Malcolm_Brogdon.jpg
Dillon Brooks,https://basketball.realgm.com/images/nba/4.2/profiles/photos/2006/Brooks_Dillon_hou24.jpg,Dillon_Brooks.jpg
"Keion Brooks, Jr.",https://basketball.realgm.com/images/nba/4.2/profiles/photos/2006/Brooks_Keion_nop24.jpg,"Keion_Brooks,_Jr..jpg"
Jaylen Brown,https://basketball.realgm.com/images/nba/4.2/profiles/photos/2006/Brown_Jaylen_bos24.jpg,Jaylen_Brown.jpg
"Bruce Brown, Jr.",https://basketball.realgm.com/images/nba/4.2/profiles/photos/2006/Brown_Bruce_tor24.jpg,"Bruce_Brown,_Jr..jpg"
Kendall Brown,https://basketball.realgm.com/images/nba/4.2/profiles/photos/2006/Brown_Kendall_ind24.jpg,Kendall_Brown.jpg
Kobe Brown,https://basketball.realgm.com/images/nba/4.2/profiles/photos/2006/Brown_Kobe_lac24.jpg,Kobe_Brown.jpg
Jalen Brunson,https://basketball.realgm.com/images/nba/4.2/profiles/photos/2006/Brunson_Jalen_nyk24.jpg,Jalen_Brunson.jpg
Thomas Bryant,https://basketball.realgm.com/images/nba/4.2/profiles/photos/2006/Bryant_Thomas_mia24.jpg,Thomas_Bryant.jpg
Kobe Bufkin,https://basketball.realgm.com/images/nba/4.2/profiles/photos/2006/Bufkin_Kobe_atl24.jpg,Kobe_Bufkin.jpg
Alec Burks,https://basketball.realgm.com/images/nba/4.2/profiles/photos/2006/Burks_Alec_mia24.jpg,Alec_Burks.jpg
Jimmy Butler III,https://basketball.realgm.com/images/nba/4.2/profiles/photos/2006/Butler_Jimmy_mia24.jpg,Jimmy_Butler_III.jpg
Jared Butler,https://basketball.realgm.com/images/nba/4.2/profiles/photos/2006/Butler_Jared_was24.jpg,Jared_Butler.jpg
Matas Buzelis,https://basketball.realgm.com/images/nba/4.2/profiles/photos/2006/Buzelis_Matas_chi24.jpg,Matas_Buzelis.jpg
Jamal Cain,https://basketball.realgm.com/images/nba/4.2/profiles/photos/2006/Cain_Jamal_nop24.jpg,Jamal_Cain.jpg
Kentavious Caldwell-Pope,https://basketball.realgm.com/images/nba/4.2/profiles/photos/2006/Caldwellpope_Kentavious_orl24.jpg,Kentavious_Caldwell-Pope.jpg
Toumani Camara,https://basketball.realgm.com/images/nba/4.2/profiles/photos/2006/Camara_Toumani_por24.jpg,Toumani_Camara.jpg
Vlatko Cancar,https://basketball.realgm.com/images/nba/4.2/profiles/photos/2006/Cancar_Vlatko_den24.jpg,Vlatko_Cancar.jpg
Clint Capela,https://basketball.realgm.com/images/nba/4.2/profiles/photos/2006/Ndumbacapela_Clint_atl24.jpg,Clint_Capela.jpg
Branden Carlson,https://basketball.realgm.com/images/nba/4.2/profiles/photos/2006/Carlson_Branden_tor24.jpg,Branden_Carlson.jpg
Bub Carrington,https://basketball.realgm.com/images/nba/4.2/profiles/photos/2006/Carrington_Carlton_was24.jpg,Bub_Carrington.jpg
Devin Carter,https://basketball.realgm.com/images/nba/4.2/profiles/photos/2006/Carter_Devin_sac24.jpg,Devin_Carter.jpg
Jevon Carter,https://basketball.realgm.com/images/nba/4.2/profiles/photos/2006/Carter_Jevon_chi24.jpg,Jevon_Carter.jpg
"Wendell Carter, Jr.",https://basketball.realgm.com/images/nba/4.2/profiles/photos/2006/Carter_Wendell_orl24.jpg,"Wendell_Carter,_Jr..jpg"
Alex Caruso,https://basketball.realgm.com/images/nba/4.2/profiles/photos/2006/Caruso_Alex_okc24.jpg,Alex_Caruso.jpg
Stephon Castle,https://basketball.realgm.com/images/nba/4.2/profiles/photos/2006/Castle_Stephon_sas24.jpg,Stephon_Castle.jpg
Julian Champagnie,https://basketball.realgm.com/images/nba/4.2/profiles/photos/2006/Champagnie_Julian_sas24.jpg,Julian_Champagnie.jpg
Justin Champagnie,https://basketball.realgm.com/images/nba/4.2/profiles/photos/2006/Champagnie_Justin_was24.jpg,Justin_Champagnie.jpg
Ulrich Chomche,https://basketball.realgm.com/images/nba/4.2/profiles/photos/2006/Kamkachomche_Ulrich_tor24.jpg,Ulrich_Chomche.jpg
Cameron Christie,https://basketball.realgm.com/images/nba/4.2/profiles/photos/2006/Christie_Cam_lac24.jpg,Cameron_Christie.jpg
Max Christie,https://basketball.realgm.com/images/nba/4.2/profiles/photos/2006/Christie_Max_lal24.jpg,Max_Christie.jpg
Josh Christopher,https://basketball.realgm.com/images/nba/4.2/profiles/photos/2006/Christopher_Josh_mia24.jpg,Josh_Christopher.jpg
Sidy Cissoko,https://basketball.realgm.com/images/nba/4.2/profiles/photos/2006/Cissoko_Sidy_sas24.jpg,Sidy_Cissoko.jpg
Jaylen Clark,https://basketball.realgm.com/images/nba/4.2/profiles/photos/2006/Clark_Jaylen_min24.jpg,Jaylen_Clark.jpg
Brandon Clarke,https://basketball.realgm.com/images/nba/4.2/profiles/photos/2006/Clarke_Brandon_mem24.jpg,Brandon_Clarke.jpg
Jordan Clarkson,https://basketball.realgm.com/images/nba/4.2/profiles/photos/2006/Clarkson_Jordan_uta24.jpg,Jordan_Clarkson.jpg
Nicolas Claxton,https://basketball.realgm.com/images/nba/4.2/profiles/photos/2006/Claxton_Nic_bkn24.jpg,Nicolas_Claxton.jpg
Donovan Clingan,https://basketball.realgm.com/images/nba/4.2/profiles/photos/2006/Clingan_Donovan_por24.jpg,Donovan_Clingan.jpg
Noah Clowney,https://basketball.realgm.com/images/nba/4.2/profiles/photos/2006/Clowney_Noah_bkn24.jpg,Noah_Clowney.jpg
Amir Coffey,https://basketball.realgm.com/images/nba/4.2/profiles/photos/2006/Coffey_Amir_lac24.jpg,Amir_Coffey.jpg
Isaiah Collier,https://basketball.realgm.com/images/nba/4.2/profiles/photos/2006/Collier_Isaiah_uta24.jpg,Isaiah_Collier.jpg
John Collins,https://basketball.realgm.com/images/nba/4.2/profiles/photos/2006/Collins_John_uta24.jpg,John_Collins.jpg
Zach Collins,https://basketball.realgm.com/images/nba/4.2/profiles/photos/2006/Collins_Zach_sas24.jpg,Zach_Collins.jpg
Mike Conley,https://basketball.realgm.com/images/nba/4.2/profiles/photos/2006/Conley_Mike_min24.jpg,Mike_Conley.jpg
Pat Connaughton,https://basketball.realgm.com/images/nba/4.2/profiles/photos/2006/Connaughton_Pat_mil24.jpg,Pat_Connaughton.jpg
Bilal Coulibaly,https://basketball.realgm.com/images/nba/4.2/profiles/photos/2006/Coulibaly_Bilal_was24.jpg,Bilal_Coulibaly.jpg
Ricky Council IV,https://basketball.realgm.com/images/nba/4.2/profiles/photos/2006/Council_Ricky_phi24.jpg,Ricky_Council_IV.jpg
Torrey Craig,https://basketball.realgm.com/images/nba/4.2/profiles/photos/2006/Craig_Torrey_chi24.jpg,Torrey_Craig.jpg
Isaiah Crawford,https://basketball.realgm.com/images/nba/4.2/profiles/photos/2006/Crawford_Isaiah_sac24.jpg,Isaiah_Crawford.jpg
Jae Crowder,https://basketball.realgm.com/images/nba/4.2/profiles/photos/2006/Crowder_Jae_sac24.jpg,Jae_Crowder.jpg
Cade Cunningham,https://basketball.realgm.com/images/nba/4.2/profiles/photos/2006/Cunningham_Cade_det24.jpg,Cade_Cunningham.jpg
Seth Curry,https://basketball.realgm.com/images/nba/4.2/profiles/photos/2006/Curry_Seth_cha24.jpg,Seth_Curry.jpg
Stephen Curry,https://basketball.realgm.com/images/nba/4.2/profiles/photos/2006/Curry_Stephen_gsw24.jpg,Stephen_Curry.jpg
Tristan Da Silva,https://basketball.realgm.com/images/nba/4.2/profiles/photos/2006/Dasilva_Tristan_orl24.jpg,Tristan_Da_Silva.jpg
Pacome Dadiet,https://basketball.realgm.com/images/nba/4.2/profiles/photos/2006/Dadiet_Pacome_nyk24.jpg,Pacome_Dadiet.jpg
Dyson Daniels,https://basketball.realgm.com/images/nba/4.2/profiles/photos/2006/Daniels_Dyson_atl24.jpg,Dyson_Daniels.jpg
N'Faly Dante,https://basketball.realgm.com/images/nba/4.2/profiles/photos/2006/Dante_Nfaly_hou24.jpg,N'Faly_Dante.jpg
Anthony Davis,https://basketball.realgm.com/images/nba/4.2/profiles/photos/2006/Davis_Anthony_lal24.jpg,Anthony_Davis.jpg
J.D. Davison,https://basketball.realgm.com/images/nba/4.2/profiles/photos/2006/Davison_JD_bos24.jpg,J.D._Davison.jpg
DeMar DeRozan,https://basketball.realgm.com/images/nba/4.2/profiles/photos/2006/DeRozan_Demar_sac24.jpg,DeMar_DeRozan.jpg
RayJ Dennis,https://basketball.realgm.com/images/nba/4.2/profiles/photos/2006/Dennis_Ray_lac24.jpg,RayJ_Dennis.jpg
Donte DiVincenzo,https://basketball.realgm.com/images/nba/4.2/profiles/photos/2006/Divincenzo_Donte_min24.jpg,Donte_DiVincenzo.jpg
Moussa Diabate,https://basketball.realgm.com/images/nba/4.2/profiles/photos/2006/Diabate_Moussa_cha24.jpg,Moussa_Diabate.jpg
Gradey Dick,https://basketball.realgm.com/images/nba/4.2/profiles/photos/2006/Dick_Gradey_tor24.jpg,Gradey_Dick.jpg
Ousmane Dieng,https://basketball.realgm.com/images/nba/4.2/profiles/photos/2006/Dieng_Ousmane_okc23.jpg,Ousmane_Dieng.jpg
Rob Dillingham,https://basketball.realgm.com/images/nba/4.2/profiles/photos/2006/Dillingham_Rob_min24.jpg,Rob_Dillingham.jpg
Spencer Dinwiddie,https://basketball.realgm.com/images/nba/4.2/profiles/photos/2006/Dinwiddie_Spencer_dal24.jpg,Spencer_Dinwiddie.jpg
Luka Doncic,https://basketball.realgm.com/images/nba/4.2/profiles/photos/2006/Doncic_Luka_dal24.jpg,Luka_Doncic.jpg
Luguentz Dort,https://basketball.realgm.com/images/nba/4.2/profiles/photos/2006/Dort_Lu_okc24.jpg,Luguentz_Dort.jpg
Ayo Dosunmu,https://basketball.realgm.com/images/nba/4.2/profiles/photos/2006/Dosunmu_Ayo_chi24.jpg,Ayo_Dosunmu.jpg
Jeff Dowtin,https://basketball.realgm.com/images/nba/4.2/profiles/photos/2006/Dowtin_Jeff_phi24.jpg,Jeff_Dowtin.jpg
Andre Drummond,https://basketball.realgm.com/images/nba/4.2/profiles/photos/2006/Drummond_Andre_phi24.jpg,Andre_Drummond.jpg
Alex Ducas,https://basketball.realgm.com/images/nba/4.2/profiles/photos/2006/Ducas_Alex_okc24.jpg,Alex_Ducas.jpg
David Duke,https://basketball.realgm.com/images/nba/4.2/profiles/photos/2006/Duke_David_sas24.jpg,David_Duke.jpg
Kris Dunn,https://basketball.realgm.com/images/nba/4.2/profiles/photos/2006/Dunn_Kris_lac24.jpg,Kris_Dunn.jpg
Ryan Dunn,https://basketball.realgm.com/images/nba/4.2/profiles/photos/2006/Dunn_Ryan_phx24.jpg,Ryan_Dunn.jpg
Kevin Durant,https://basketball.realgm.com/images/nba/4.2/profiles/photos/2006/Durant_Kevin_phx2.jpg,Kevin_Durant.jpg
Jalen Duren,https://basketball.realgm.com/images/nba/4.2/profiles/photos/2006/Duren_Jalen_det24.jpg,Jalen_Duren.jpg
Tari Eason,https://basketball.realgm.com/images/nba/4.2/profiles/photos/2006/Eason_Tari_hou24.jpg,Tari_Eason.jpg
Zach Edey,https://basketball.realgm.com/images/nba/4.2/profiles/photos/2006/Edey_Zach_mem24.jpg,Zach_Edey.jpg
Anthony Edwards,https://basketball.realgm.com/images/nba/4.2/profiles/photos/2006/Edwards_Anthony_min24.jpg,Anthony_Edwards.jpg
Jesse Edwards,https://basketball.realgm.com/images/nba/4.2/profiles/photos/2006/Edwards_Jesse_min24.jpg,Jesse_Edwards.jpg
Justin Edwards,https://basketball.realgm.com/images/nba/4.2/profiles/photos/2006/Edwards_Justin_phi24.jpg,Justin_Edwards.jpg
Kessler Edwards,https://basketball.realgm.com/images/nba/4.2/profiles/photos/2006/Edwards_Kessler_dal24.jpg,Kessler_Edwards.jpg
Keon Ellis,https://basketball.realgm.com/images/nba/4.2/profiles/photos/2006/Ellis_Keon_sac24.jpg,Keon_Ellis.jpg
Joel Embiid,https://basketball.realgm.com/images/nba/4.2/profiles/photos/2006/Embiid_Joel_phi24.jpg,Joel_Embiid.jpg
Drew Eubanks,https://basketball.realgm.com/images/nba/4.2/profiles/photos/2006/Eubanks_Drew_uta24.jpg,Drew_Eubanks.jpg
Tosan Evbuomwan,https://basketball.realgm.com/images/nba/4.2/profiles/photos/2006/Evbuomwan_Tosan_det24.jpg,Tosan_Evbuomwan.jpg
Dante Exum,https://basketball.realgm.com/images/nba/4.2/profiles/photos/2006/Exum_Dante_dal24.jpg,Dante_Exum.jpg
Kyle Filipowski,https://basketball.realgm.com/images/nba/4.2/profiles/photos/2006/Filipowski_Kyle_uta24.jpg,Kyle_Filipowski.jpg
Dorian Finney-Smith,https://basketball.realgm.com/images/nba/4.2/profiles/photos/2006/Finneysmith_Dorian_Bkn24.jpg,Dorian_Finney-Smith.jpg
Adam Flagler,https://basketball.realgm.com/images/nba/4.2/profiles/photos/2006/Flagler_Adam_okc24.jpg,Adam_Flagler.jpg
Trentyn Flowers,https://basketball.realgm.com/images/nba/4.2/profiles/photos/2006/Flowers_Trentyn_lac24.jpg,Trentyn_Flowers.jpg
Malachi Flynn,https://basketball.realgm.com/images/nba/4.2/profiles/photos/2006/Flynn_Malachi_sas24.jpg,Malachi_Flynn.jpg
Simone Fontecchio,https://basketball.realgm.com/images/nba/4.2/profiles/photos/2006/Fontecchio_Simone_det24.jpg,Simone_Fontecchio.jpg
De'Aaron Fox,https://basketball.realgm.com/images/nba/4.2/profiles/photos/2006/Fox_Deaaron_sac24.jpg,De'Aaron_Fox.jpg
Enrique Freeman,https://basketball.realgm.com/images/nba/4.2/profiles/photos/2006/Freeman_Enrique_ind24.jpg,Enrique_Freeman.jpg
Markelle Fultz,https://basketball.realgm.com/images/nba/4.2/profiles/photos/2006/Fultz_Markelle_orl23.jpg,Markelle_Fultz.jpg
Johnny Furphy,https://basketball.realgm.com/images/nba/4.2/profiles/photos/2006/Furphy_Johnny_ind24.jpg,Johnny_Furphy.jpg
Daniel Gafford,https://basketball.realgm.com/images/nba/4.2/profiles/photos/2006/Gafford_Daniel_dal24.jpg,Daniel_Gafford.jpg
Darius Garland,https://basketball.realgm.com/images/nba/4.2/profiles/photos/2006/Garland_Darius_cle24b.jpg,Darius_Garland.jpg
Luka Garza,https://basketball.realgm.com/images/nba/4.2/profiles/photos/2006/Garza_Luka_min24.jpg,Luka_Garza.jpg
Keyonte George,https://basketball.realgm.com/images/nba/4.2/profiles/photos/2006/George_Keyonte_uta_24.jpg,Keyonte_George.jpg
Kyshawn George,https://basketball.realgm.com/images/nba/4.2/profiles/photos/2006/George_Kyshawn_mi23.jpg,Kyshawn_George.jpg
Paul George,https://basketball.realgm.com/images/nba/4.2/profiles/photos/2006/George_Paul_phi24.jpg,Paul_George.jpg
Taj Gibson,https://basketball.realgm.com/images/nba/4.2/profiles/photos/2006/Gibson_Taj_cha24.jpg,Taj_Gibson.jpg
Josh Giddey,https://basketball.realgm.com/images/nba/4.2/profiles/photos/2006/Giddey_Josh_chi24.jpg,Josh_Giddey.jpg
Shai Gilgeous-Alexander,https://basketball.realgm.com/images/nba/4.2/profiles/photos/2006/Gilgeousalexander_Shai_okc24.jpg,Shai_Gilgeous-Alexander.jpg
Anthony Gill,https://basketball.realgm.com/images/nba/4.2/profiles/photos/2006/Gill_Anthony_was24.jpg,Anthony_Gill.jpg
Collin Gillespie,https://basketball.realgm.com/images/nba/4.2/profiles/photos/2006/Gillespie_Collin_phx24.jpg,Collin_Gillespie.jpg
Rudy Gobert,https://basketball.realgm.com/images/nba/4.2/profiles/photos/2006/Gobert_Rudy_min24.jpg,Rudy_Gobert.jpg
Jordan Goodwin,https://basketball.realgm.com/images/nba/4.2/profiles/photos/2006/Goodwin_Jordan_lal24.jpg,Jordan_Goodwin.jpg
Aaron Gordon,https://basketball.realgm.com/images/nba/4.2/profiles/photos/2006/Gordon_Aaron_den24.jpg,Aaron_Gordon.jpg
Eric Gordon,https://basketball.realgm.com/images/nba/4.2/profiles/photos/2006/Gordon_Eric_phi24.jpg,Eric_Gordon.jpg
Jerami Grant,https://basketball.realgm.com/images/nba/4.2/profiles/photos/2006/Grant_Jerami_por24.jpg,Jerami_Grant.jpg
A.J. Green,https://basketball.realgm.com/images/nba/4.2/profiles/photos/2006/Green_AJ_mil24.jpg,A.J._Green.jpg
Draymond Green,https://basketball.realgm.com/images/nba/4.2/profiles/photos/2006/Green_Draymond_gsw24.jpg,Draymond_Green.jpg
Jalen Green,https://basketball.realgm.com/images/nba/4.2/profiles/photos/2006/Green_Jalen_hou24.jpg,Jalen_Green.jpg
Javonte Green,https://basketball.realgm.com/images/nba/4.2/profiles/photos/2006/Green_Javonte_nop24.jpg,Javonte_Green.jpg
Jeff Green,https://basketball.realgm.com/images/nba/4.2/profiles/photos/2006/Green_Jeff_hou24.jpg,Jeff_Green.jpg
Josh Green,https://basketball.realgm.com/images/nba/4.2/profiles/photos/2006/Green_Josh_cha24.jpg,Josh_Green.jpg
Quentin Grimes,https://basketball.realgm.com/images/nba/4.2/profiles/photos/2006/Grimes_Quentin_dal24.jpg,Quentin_Grimes.jpg
Mouhamed Gueye,https://basketball.realgm.com/images/nba/4.2/profiles/photos/2006/Gueye_Mouhamed_atl24.jpg,Mouhamed_Gueye.jpg
Rui Hachimura,https://basketball.realgm.com/images/nba/4.2/profiles/photos/2006/Hachimura_Rui_lal24.jpg,Rui_Hachimura.jpg
Tyrese Haliburton,https://basketball.realgm.com/images/nba/4.2/profiles/photos/2006/Haliburton_Tyrese_ind24.jpg,Tyrese_Haliburton.jpg
P.J. Hall,https://basketball.realgm.com/images/nba/4.2/profiles/photos/2006/Hall_PJ_den24.jpg,P.J._Hall.jpg
Tim Hardaway Jr.,https://basketball.realgm.com/images/nba/4.2/profiles/photos/2006/Hardaway_Tim_det24.jpg,Tim_Hardaway_Jr..jpg
James Harden,https://basketball.realgm.com/images/nba/4.2/profiles/photos/2006/Harden_James_lac24.jpg,James_Harden.jpg
Jaden Hardy,https://basketball.realgm.com/images/nba/4.2/profiles/photos/2006/Hardy_Jaden_dal24.jpg,Jaden_Hardy.jpg
E.J. Harkless,https://basketball.realgm.com/images/nba/4.2/profiles/photos/2006/Harkless_Elijah_csun19.jpg,E.J._Harkless.jpg
Ron Harper,https://basketball.realgm.com/images/nba/4.2/profiles/photos/2006/Harper_Ron_bos24.jpg,Ron_Harper.jpg
Gary Harris,https://basketball.realgm.com/images/nba/4.2/profiles/photos/2006/Harris_Gary_orl24.jpg,Gary_Harris.jpg
Tobias Harris,https://basketball.realgm.com/images/nba/4.2/profiles/photos/2006/Harris_Tobias_det24.jpg,Tobias_Harris.jpg
Josh Hart,https://basketball.realgm.com/images/nba/4.2/profiles/photos/2006/Hart_Josh_nyk24.jpg,Josh_Hart.jpg
Isaiah Hartenstein,https://basketball.realgm.com/images/nba/4.2/profiles/photos/2006/Hartenstein_Isaiah_okc24.jpg,Isaiah_Hartenstein.jpg
Sam Hauser,https://basketball.realgm.com/images/nba/4.2/profiles/photos/2006/Hauser_Sam_bos24.jpg,Sam_Hauser.jpg
Jordan Hawkins,https://basketball.realgm.com/images/nba/4.2/profiles/photos/2006/Hawkins_Jordan_nop24.jpg,Jordan_Hawkins.jpg
Jaxson Hayes,https://basketball.realgm.com/images/nba/4.2/profiles/photos/2006/Hayes_Jaxson_lal24.jpg,Jaxson_Hayes.jpg
Scoot Henderson,https://basketball.realgm.com/images/nba/4.2/profiles/photos/2006/Henderson_Scoot_por24.jpg,Scoot_Henderson.jpg
Taylor Hendricks,https://basketball.realgm.com/images/nba/4.2/profiles/photos/2006/Hendricks_Taylor_uta24.jpg,Taylor_Hendricks.jpg
Tyler Herro,https://basketball.realgm.com/images/nba/4.2/profiles/photos/2006/Herro_Tyler_mia24.jpg,Tyler_Herro.jpg
Buddy Hield,https://basketball.realgm.com/images/nba/4.2/profiles/photos/2006/Hield_Buddy_gsw24.jpg,Buddy_Hield.jpg
Haywood Highsmith,https://basketball.realgm.com/images/nba/4.2/profiles/photos/2006/Highsmith_Highwood_mia24.jpg,Haywood_Highsmith.jpg
Aaron Holiday,https://basketball.realgm.com/images/nba/4.2/profiles/photos/2006/Holiday_Aaron_hou24.jpg,Aaron_Holiday.jpg
Jrue Holiday,https://basketball.realgm.com/images/nba/4.2/profiles/photos/2006/Holiday_Jrue_bos24.jpg,Jrue_Holiday.jpg
Ron Holland,https://basketball.realgm.com/images/nba/4.2/profiles/photos/2006/Holland_Ronald_det24.jpg,Ron_Holland.jpg
DaRon Holmes II,https://basketball.realgm.com/images/nba/4.2/profiles/photos/2006/Holmes_Daron_den24.jpg,DaRon_Holmes_II.jpg
Richaun Holmes,https://basketball.realgm.com/images/nba/4.2/profiles/photos/2006/Holmes_Richaun_was24.jpg,Richaun_Holmes.jpg
Chet Holmgren,https://basketball.realgm.com/images/nba/4.2/profiles/photos/2006/Holmgren_Chet_okc24.jpg,Chet_Holmgren.jpg
Jalen Hood-Schifino,https://basketball.realgm.com/images/nba/4.2/profiles/photos/2006/Hoodschifino_Jalen_lal24.jpg,Jalen_Hood-Schifino.jpg
Al Horford,https://basketball.realgm.com/images/nba/4.2/profiles/photos/2006/Horford_Al_bos24.jpg,Al_Horford.jpg
Talen Horton-Tucker,https://basketball.realgm.com/images/nba/4.2/profiles/photos/2006/Hortontucker_Talen_chi24.jpg,Talen_Horton-Tucker.jpg
Caleb Houstan,https://basketball.realgm.com/images/nba/4.2/profiles/photos/2006/Houstan_Caleb_orl24.jpg,Caleb_Houstan.jpg
Jett Howard,https://basketball.realgm.com/images/nba/4.2/profiles/photos/2006/Howard_Jett_orl24.jpg,Jett_Howard.jpg
Kevin Huerter,https://basketball.realgm.com/images/nba/4.2/profiles/photos/2006/Huerter_Kevin_sac24.jpg,Kevin_Huerter.jpg
James Huff,https://basketball.realgm.com/images/nba/4.2/profiles/photos/2006/Huff_Jay_mem24.jpg,James_Huff.jpg
Ariel Hukporti,https://basketball.realgm.com/images/nba/4.2/profiles/photos/2006/Hukporti_Ariel_nyk24.jpg,Ariel_Hukporti.jpg
De'Andre Hunter,https://basketball.realgm.com/images/nba/4.2/profiles/photos/2006/Hunter_Deandre_atl24.jpg,De'Andre_Hunter.jpg
Bones Hyland,https://basketball.realgm.com/images/nba/4.2/profiles/photos/2006/Hyland_Bones_lac24.jpg,Bones_Hyland.jpg
Oso Ighodaro,https://basketball.realgm.com/images/nba/4.2/profiles/photos/2006/Ighodaro_Oso_phx24.jpg,Oso_Ighodaro.jpg
Joe Ingles,https://basketball.realgm.com/images/nba/4.2/profiles/photos/2006/Ingles_Joe_min24.jpg,Joe_Ingles.jpg
Brandon Ingram,https://basketball.realgm.com/images/nba/4.2/profiles/photos/2006/Ingram_Brandon_nop24.jpg,Brandon_Ingram.jpg
Harrison Ingram,https://basketball.realgm.com/images/nba/4.2/profiles/photos/2006/Ingram_Harrison_sas24.jpg,Harrison_Ingram.jpg
Kyrie Irving,https://basketball.realgm.com/images/nba/4.2/profiles/photos/2006/Irving_Kyrie_dal24.jpg,Kyrie_Irving.jpg
Jonathan Isaac,https://basketball.realgm.com/images/nba/4.2/profiles/photos/2006/Isaac_Jonathan_orl24.jpg,Jonathan_Isaac.jpg
Jaden Ivey,https://basketball.realgm.com/images/nba/4.2/profiles/photos/2006/Ivey_Jaden_det24.jpg,Jaden_Ivey.jpg
G.G. Jackson,https://basketball.realgm.com/images/nba/4.2/profiles/photos/2006/Jackson_GG_mem24.jpg,G.G._Jackson.jpg
Isaiah Jackson,https://basketball.realgm.com/images/nba/4.2/profiles/photos/2006/Jackson_Isaiah_ind24.jpg,Isaiah_Jackson.jpg
"Andre Jackson, Jr.",https://basketball.realgm.com/images/nba/4.2/profiles/photos/2006/Jackson_Andre_mil24.jpg,"Andre_Jackson,_Jr..jpg"
"Jaren Jackson, Jr.",https://basketball.realgm.com/images/nba/4.2/profiles/photos/2006/Jackson_Jaren_mem24.jpg,"Jaren_Jackson,_Jr..jpg"
Quenton Jackson,https://basketball.realgm.com/images/nba/4.2/profiles/photos/2006/Jackson_Quenton_ind24.jpg,Quenton_Jackson.jpg
Trayce Jackson-Davis,https://basketball.realgm.com/images/nba/4.2/profiles/photos/2006/Jacksondavis_Trayce_gsw24.jpg,Trayce_Jackson-Davis.jpg
Bronny James,https://basketball.realgm.com/images/nba/4.2/profiles/photos/2006/James_Bronny_lal24.jpg,Bronny_James.jpg
LeBron James,https://basketball.realgm.com/images/nba/4.2/profiles/photos/2006/James_Lebron_lal24.jpg,LeBron_James.jpg
"Jaime Jaquez, Jr.",https://basketball.realgm.com/images/nba/4.2/profiles/photos/2006/Jaquez_Jaime_mia24.jpg,"Jaime_Jaquez,_Jr..jpg"
DaQuan Jeffries,https://basketball.realgm.com/images/nba/4.2/profiles/photos/2006/Jeffries_Daquan_nyk23.jpg,DaQuan_Jeffries.jpg
Trey Jemison,https://basketball.realgm.com/images/nba/4.2/profiles/photos/2006/Jemison_Trey_nop24.jpg,Trey_Jemison.jpg
Daniss Jenkins,https://basketball.realgm.com/images/nba/4.2/profiles/photos/2006/Jenkins_Daniss_det24.jpg,Daniss_Jenkins.jpg
Ty Jerome,https://basketball.realgm.com/images/nba/4.2/profiles/photos/2006/Jerome_Ty_cle24.jpg,Ty_Jerome.jpg
Isaiah Joe,https://basketball.realgm.com/images/nba/4.2/profiles/photos/2006/Joe_Isaiah_okc24.jpg,Isaiah_Joe.jpg
A.J. Johnson,https://basketball.realgm.com/images/nba/4.2/profiles/photos/2006/Johnson_AJ_mil24.jpg,A.J._Johnson.jpg
Cameron Johnson,https://basketball.realgm.com/images/nba/4.2/profiles/photos/2006/Johnson_Cameron_bkn24.jpg,Cameron_Johnson.jpg
Jalen Johnson,https://basketball.realgm.com/images/nba/4.2/profiles/photos/2006/Johnson_Jalen_atl24.jpg,Jalen_Johnson.jpg
James Johnson,https://basketball.realgm.com/images/nba/4.2/profiles/photos/2006/Johnson_James_ind24.jpg,James_Johnson.jpg
Keldon Johnson,https://basketball.realgm.com/images/nba/4.2/profiles/photos/2006/Johnson_Keldon_sas24.jpg,Keldon_Johnson.jpg
Keon Johnson,https://basketball.realgm.com/images/nba/4.2/profiles/photos/2006/Johnson_Keon_bkn24.jpg,Keon_Johnson.jpg
Keshad Johnson,https://basketball.realgm.com/images/nba/4.2/profiles/photos/2006/Johnson_Keshad_mia24.jpg,Keshad_Johnson.jpg
Nikola Jokic,https://basketball.realgm.com/images/nba/4.2/profiles/photos/2006/Jokic_Nikola_den24.jpg,Nikola_Jokic.jpg
Colby Jones,https://basketball.realgm.com/images/nba/4.2/profiles/photos/2006/Jones_Colby_sac24.jpg,Colby_Jones.jpg
Derrick Jones,https://basketball.realgm.com/images/nba/4.2/profiles/photos/2006/Jones_Derrick_dal23.jpg,Derrick_Jones.jpg
Dillon Jones,https://basketball.realgm.com/images/nba/4.2/profiles/photos/2006/Jones_Dillon_okc24.jpg,Dillon_Jones.jpg
Herb Jones,https://basketball.realgm.com/images/nba/4.2/profiles/photos/2006/Jones_Herbert_nop24.jpg,Herb_Jones.jpg
Isaac Jones,https://basketball.realgm.com/images/nba/4.2/profiles/photos/2006/Jones_Isaac_sac24.jpg,Isaac_Jones.jpg
Kai Jones,https://basketball.realgm.com/images/nba/4.2/profiles/photos/2006/Jones_Kai_lac24.jpg,Kai_Jones.jpg
Mason Jones,https://basketball.realgm.com/images/nba/4.2/profiles/photos/2006/Jones_Mason_sac24.jpg,Mason_Jones.jpg
Spencer Jones,https://basketball.realgm.com/images/nba/4.2/profiles/photos/2006/Jones_Spencer_den24.jpg,Spencer_Jones.jpg
Tre Jones,https://basketball.realgm.com/images/nba/4.2/profiles/photos/2006/Jones_Tre_sas24.jpg,Tre_Jones.jpg
Tyus Jones,https://basketball.realgm.com/images/nba/4.2/profiles/photos/2006/Jones_Tyus_phx24.jpg,Tyus_Jones.jpg
DeAndre Jordan,https://basketball.realgm.com/images/nba/4.2/profiles/photos/2006/Jordan_Deandre_den24.jpg,DeAndre_Jordan.jpg
Cory Joseph,https://basketball.realgm.com/images/nba/4.2/profiles/photos/2006/Joseph_Cory_orl24.jpg,Cory_Joseph.jpg
Nikola Jovic,https://basketball.realgm.com/images/nba/4.2/profiles/photos/2006/Jovic_Nikola_mia24.jpg,Nikola_Jovic.jpg
Johnny Juzang,https://basketball.realgm.com/images/nba/4.2/profiles/photos/2006/Juzang_Johnny_uta24.jpg,Johnny_Juzang.jpg
Yuki Kawamura,https://basketball.realgm.com/images/nba/4.2/profiles/photos/2006/Kawamura_Yuki_mem24.jpg,Yuki_Kawamura.jpg
Luke Kennard,https://basketball.realgm.com/images/nba/4.2/profiles/photos/2006/Kennard_Luke_mem24.jpg,Luke_Kennard.jpg
Walker Kessler,https://basketball.realgm.com/images/nba/4.2/profiles/photos/2006/Kessler_Walker_uta24.jpg,Walker_Kessler.jpg
Corey Kispert,https://basketball.realgm.com/images/nba/4.2/profiles/photos/2006/Kispert_Corey_was24.jpg,Corey_Kispert.jpg
Maxi Kleber,https://basketball.realgm.com/images/nba/4.2/profiles/photos/2006/Kleber_Maxi_dal24.jpg,Maxi_Kleber.jpg
Bobi Klintman,https://basketball.realgm.com/images/nba/4.2/profiles/photos/2006/Klintman_Bobi_det24.jpg,Bobi_Klintman.jpg
Dalton Knecht,https://basketball.realgm.com/images/nba/4.2/profiles/photos/2006/Knecht_Dalton_lal24.jpg,Dalton_Knecht.jpg
Kevin Knox II,https://basketball.realgm.com/images/nba/4.2/profiles/photos/2006/Knox_Kevin_gsw24.jpg,Kevin_Knox_II.jpg
Tyler Kolek,https://basketball.realgm.com/images/nba/4.2/profiles/photos/2006/Kolek_Tyler_nyk24.jpg,Tyler_Kolek.jpg
Christian Koloko,https://basketball.realgm.com/images/nba/4.2/profiles/photos/2006/Koloko_Christian_lal24.jpg,Christian_Koloko.jpg
John Konchar,https://basketball.realgm.com/images/nba/4.2/profiles/photos/2006/Konchar_John_mem24.jpg,John_Konchar.jpg
Luke Kornet,https://basketball.realgm.com/images/nba/4.2/profiles/photos/2006/Kornet_Luke_bos24.jpg,Luke_Kornet.jpg
Vit Krejci,https://basketball.realgm.com/images/nba/4.2/profiles/photos/2006/Krejci_Vit_atl24.jpg,Vit_Krejci.jpg
Jonathan Kuminga,https://basketball.realgm.com/images/nba/4.2/profiles/photos/2006/Kuminga_Jonathan_gsw24.jpg,Jonathan_Kuminga.jpg
Kyle Kuzma,https://basketball.realgm.com/images/nba/4.2/profiles/photos/2006/Kuzma_Kyle_was24.jpg,Kyle_Kuzma.jpg
Jake LaRavia,https://basketball.realgm.com/images/nba/4.2/profiles/photos/2006/Larvavia_Jake_mem24.jpg,Jake_LaRavia.jpg
Zach LaVine,https://basketball.realgm.com/images/nba/4.2/profiles/photos/2006/Lavine_Zach_chi24.jpg,Zach_LaVine.jpg
Skal Labissiere,https://basketball.realgm.com/images/nba/4.2/profiles/photos/2006/Labissiere_Skal_sac24.jpg,Skal_Labissiere.jpg
Jock Landale,https://basketball.realgm.com/images/nba/4.2/profiles/photos/2006/Landale_Jock_hou24.jpg,Jock_Landale.jpg
Pelle Larsson,https://basketball.realgm.com/images/nba/4.2/profiles/photos/2006/Larsson_Pelle_mia24.jpg,Pelle_Larsson.jpg
A.J. Lawson,https://basketball.realgm.com/images/nba/4.2/profiles/photos/2006/Lawson_AJ_dal24.jpg,A.J._Lawson.jpg
Caris LeVert,https://basketball.realgm.com/images/nba/4.2/profiles/photos/2006/Levert_Caris_cle24.jpg,Caris_LeVert.jpg
Damion Lee,https://basketball.realgm.com/images/nba/4.2/profiles/photos/2006/Lee_Damion_phx24.jpg,Damion_Lee.jpg
Alex Len,https://basketball.realgm.com/images/nba/4.2/profiles/photos/2006/Len_Alex_sac24.jpg,Alex_Len.jpg
Kawhi Leonard,https://basketball.realgm.com/images/nba/4.2/profiles/photos/2006/Leonard_Kawhi_lac24.jpg,Kawhi_Leonard.jpg
Maxwell Lewis,https://basketball.realgm.com/images/nba/4.2/profiles/photos/2006/Lewis_Maxwell_lal24.jpg,Maxwell_Lewis.jpg
E.J. Liddell,https://basketball.realgm.com/images/nba/4.2/profiles/photos/2006/Liddell_EJ_chi24.jpg,E.J._Liddell.jpg
Damian Lillard,https://basketball.realgm.com/images/nba/4.2/profiles/photos/2006/Lillard_Damian_por24.jpg,Damian_Lillard.jpg
Dereck Lively II,https://basketball.realgm.com/images/nba/4.2/profiles/photos/2006/Lively_Dereck_dal23.jpg,Dereck_Lively_II.jpg
Chris Livingston,https://basketball.realgm.com/images/nba/4.2/profiles/photos/2006/Livingston_Chris_mil24.jpg,Chris_Livingston.jpg
Kevon Looney,https://basketball.realgm.com/images/nba/4.2/profiles/photos/2006/Looney_Kevon_gsw24.jpg,Kevon_Looney.jpg
Brook Lopez,https://basketball.realgm.com/images/nba/4.2/profiles/photos/2006/Lopez_Brook_mil24.jpg,Brook_Lopez.jpg
Kevin Love,https://basketball.realgm.com/images/nba/4.2/profiles/photos/2006/Love_Kevin_mia24.jpg,Kevin_Love.jpg
Kyle Lowry,https://basketball.realgm.com/images/nba/4.2/profiles/photos/2006/Lowry_Kyle_phi24.jpg,Kyle_Lowry.jpg
Seth Lundy,https://basketball.realgm.com/images/nba/4.2/profiles/photos/2006/Lundy_Seth_atl24.jpg,Seth_Lundy.jpg
Trey Lyles,https://basketball.realgm.com/images/nba/4.2/profiles/photos/2006/Lyles_Trey_sac24.jpg,Trey_Lyles.jpg
Sandro Mamukelashvili,https://basketball.realgm.com/images/nba/4.2/profiles/photos/2006/Mamukelashvili_Sandro_sas24.jpg,Sandro_Mamukelashvili.jpg
Terance Mann,https://basketball.realgm.com/images/nba/4.2/profiles/photos/2006/Mann_Terance_lac24.jpg,Terance_Mann.jpg
Tre Mann,https://basketball.realgm.com/images/nba/4.2/profiles/photos/2006/Mann_Tre_cha24.jpg,Tre_Mann.jpg
Lauri Markkanen,https://basketball.realgm.com/images/nba/4.2/profiles/photos/2006/Markkanen_Lauri_uta24.jpg,Lauri_Markkanen.jpg
Naji Marshall,https://basketball.realgm.com/images/nba/4.2/profiles/photos/2006/Marshall_Naji_dal24.jpg,Naji_Marshall.jpg
Caleb Martin,https://basketball.realgm.com/images/nba/4.2/profiles/photos/2006/Martin_Caleb_phi24.jpg,Caleb_Martin.jpg
Cody Martin,https://basketball.realgm.com/images/nba/4.2/profiles/photos/2006/Martin_Cody_cha24.jpg,Cody_Martin.jpg
Jaylen Martin,https://basketball.realgm.com/images/nba/4.2/profiles/photos/2006/Martin_Jaylen_bkn24.jpg,Jaylen_Martin.jpg
K.J. Martin,https://basketball.realgm.com/images/nba/4.2/profiles/photos/2006/Martin_Kenyon_lac23.jpg,K.J._Martin.jpg
Tyrese Martin,https://basketball.realgm.com/images/nba/4.2/profiles/photos/2006/Martin_Tyrese_bkn24.jpg,Tyrese_Martin.jpg
Garrison Mathews,https://basketball.realgm.com/images/nba/4.2/profiles/photos/2006/Mathews_Garrison_atl24.jpg,Garrison_Mathews.jpg
Bennedict Mathurin,https://basketball.realgm.com/images/nba/4.2/profiles/photos/2006/Mathurin_Bennedict_ind23.jpg,Bennedict_Mathurin.jpg
Karlo Matkovic,https://basketball.realgm.com/images/nba/4.2/profiles/photos/2006/Matkovic_Karlo_nop24.jpg,Karlo_Matkovic.jpg
Tyrese Maxey,https://basketball.realgm.com/images/nba/4.2/profiles/photos/2006/Maxey_Tyrese_phi23.jpg,Tyrese_Maxey.jpg
Miles McBride,https://basketball.realgm.com/images/nba/4.2/profiles/photos/2006/McBride_Miles_nyk24.jpg,Miles_McBride.jpg
Jared McCain,https://basketball.realgm.com/images/nba/4.2/profiles/photos/2006/McCain_Jared_phi24.jpg,Jared_McCain.jpg
Mac McClung,https://basketball.realgm.com/images/nba/4.2/profiles/photos/2006/McClung_Mac_orl24.jpg,Mac_McClung.jpg
C.J. McCollum,https://basketball.realgm.com/images/nba/4.2/profiles/photos/2006/McCollum_CJ_nop24.jpg,C.J._McCollum.jpg
T.J. McConnell,https://basketball.realgm.com/images/nba/4.2/profiles/photos/2006/McConnell_TJ_ind24.jpg,T.J._McConnell.jpg
"Kevin McCullar, Jr.",https://basketball.realgm.com/images/nba/4.2/profiles/photos/2006/McCullar_Kevin_nyk24.jpg,"Kevin_McCullar,_Jr..jpg"
Jaden McDaniels,https://basketball.realgm.com/images/nba/4.2/profiles/photos/2006/Mcdaniels_Jaden_min24.jpg,Jaden_McDaniels.jpg
Doug McDermott,https://basketball.realgm.com/images/nba/4.2/profiles/photos/2006/Mcdermott_Doug_sas23.jpg,Doug_McDermott.jpg
Bryce McGowens,https://basketball.realgm.com/images/nba/4.2/profiles/photos/2006/McGowens_Bryce_por24.jpg,Bryce_McGowens.jpg
Jordan McLaughlin,https://basketball.realgm.com/images/nba/4.2/profiles/photos/2006/McLaughlin_Jordan_sac24.jpg,Jordan_McLaughlin.jpg
Jack McVeigh,https://basketball.realgm.com/images/nba/4.2/profiles/photos/2006/Mcveigh_Jack_hou24.jpg,Jack_McVeigh.jpg
De'Anthony Melton,https://basketball.realgm.com/images/nba/4.2/profiles/photos/2006/Melton_Deanthony_gsw24.jpg,De'Anthony_Melton.jpg
Sam Merrill,https://basketball.realgm.com/images/nba/4.2/profiles/photos/2006/Merrill_Sam_cle24.jpg,Sam_Merrill.jpg
Vasilije Micic,https://basketball.realgm.com/images/nba/4.2/profiles/photos/2006/Micic_Vasilije_cha24.jpg,Vasilije_Micic.jpg
Khris Middleton,https://basketball.realgm.com/images/nba/4.2/profiles/photos/2006/Middleton_Khris_mil24.jpg,Khris_Middleton.jpg
Brandon Miller,https://basketball.realgm.com/images/nba/4.2/profiles/photos/2006/Miller_Brandon_cha24.jpg,Brandon_Miller.jpg
Emanuel Miller,https://basketball.realgm.com/images/nba/4.2/profiles/photos/2006/Miller_Emanuel_dal24.jpg,Emanuel_Miller.jpg
Jordan Miller,https://basketball.realgm.com/images/nba/4.2/profiles/photos/2006/Miller_Jordan_lac24.jpg,Jordan_Miller.jpg
Leonard Miller,https://basketball.realgm.com/images/nba/4.2/profiles/photos/2006/Miller_Leonard_min24.jpg,Leonard_Miller.jpg
Patty Mills,https://basketball.realgm.com/images/nba/4.2/profiles/photos/2006/Mills_Patty_uta24.jpg,Patty_Mills.jpg
Shake Milton,https://basketball.realgm.com/images/nba/4.2/profiles/photos/2006/Milton_Shake_bkn24.jpg,Shake_Milton.jpg
Justin Minaya,https://basketball.realgm.com/images/nba/4.2/profiles/photos/2006/Minaya_Justin_por24.jpg,Justin_Minaya.jpg
Riley Minix,https://basketball.realgm.com/images/nba/4.2/profiles/photos/2006/Minix_Riley_sas24.jpg,Riley_Minix.jpg
Josh Minott,https://basketball.realgm.com/images/nba/4.2/profiles/photos/2006/Minott_Josh_min24.jpg,Josh_Minott.jpg
Yves Missi,https://basketball.realgm.com/images/nba/4.2/profiles/photos/2006/Missi_Yves_nop24.jpg,Yves_Missi.jpg
Ajay Mitchell,https://basketball.realgm.com/images/nba/4.2/profiles/photos/2006/Mitchell_Ajay_okc24.jpg,Ajay_Mitchell.jpg
Davion Mitchell,https://basketball.realgm.com/images/nba/4.2/profiles/photos/2006/Mitchell_Davion_tor24.jpg,Davion_Mitchell.jpg
Donovan Mitchell,https://basketball.realgm.com/images/nba/4.2/profiles/photos/2006/Mitchell_Donovan_cle24.jpg,Donovan_Mitchell.jpg
Evan Mobley,https://basketball.realgm.com/images/nba/4.2/profiles/photos/2006/Mobley_Evan_cle24.jpg,Evan_Mobley.jpg
Jonathan Mogbo,https://basketball.realgm.com/images/nba/4.2/profiles/photos/2006/Mogbo_Jonathan_tor24.jpg,Jonathan_Mogbo.jpg
Malik Monk,https://basketball.realgm.com/images/nba/4.2/profiles/photos/2006/Monk_Malik_sac24.jpg,Malik_Monk.jpg
Moses Moody,https://basketball.realgm.com/images/nba/4.2/profiles/photos/2006/Moody_Moses_gsw24.jpg,Moses_Moody.jpg
"Wendell Moore, Jr.",https://basketball.realgm.com/images/nba/4.2/profiles/photos/2006/Moore_Wendell_det24.jpg,"Wendell_Moore,_Jr..jpg"
Ja Morant,https://basketball.realgm.com/images/nba/4.2/profiles/photos/2006/Morant_Ja_mem23.jpg,Ja_Morant.jpg
Markieff Morris,https://basketball.realgm.com/images/nba/4.2/profiles/photos/2006/Morris_Markieff_dal24.jpg,Markieff_Morris.jpg
Monte Morris,https://basketball.realgm.com/images/nba/4.2/profiles/photos/2006/Morris_Monte_phx24.jpg,Monte_Morris.jpg
Trey Murphy III,https://basketball.realgm.com/images/nba/4.2/profiles/photos/2006/Murphy_Trey_nop24.jpg,Trey_Murphy_III.jpg
Dejounte Murray,https://basketball.realgm.com/images/nba/4.2/profiles/photos/2006/Murray_Dejoute_nop24.jpg,Dejounte_Murray.jpg
Jamal Murray,https://basketball.realgm.com/images/nba/4.2/profiles/photos/2006/Murray_Jamal_den24.jpg,Jamal_Murray.jpg
Keegan Murray,https://basketball.realgm.com/images/nba/4.2/profiles/photos/2006/Murray_Keegan_sac24.jpg,Keegan_Murray.jpg
Kris Murray,https://basketball.realgm.com/images/nba/4.2/profiles/photos/2006/Murray_Kris_por24.jpg,Kris_Murray.jpg
Svi Mykhailiuk,https://basketball.realgm.com/images/nba/4.2/profiles/photos/2006/Mykhailiuk_Svi_uta24.jpg,Svi_Mykhailiuk.jpg
"Larry Nance, Jr.",https://basketball.realgm.com/images/nba/4.2/profiles/photos/2006/Nance_Larry_atl24.jpg,"Larry_Nance,_Jr..jpg"
Pete Nance,https://basketball.realgm.com/images/nba/4.2/profiles/photos/2006/Nance_Pete_cle24.jpg,Pete_Nance.jpg
Andrew Nembhard,https://basketball.realgm.com/images/nba/4.2/profiles/photos/2006/Nembhard_Andrew_ind24.jpg,Andrew_Nembhard.jpg
Aaron Nesmith,https://basketball.realgm.com/images/nba/4.2/profiles/photos/2006/Nesmith_Aaron_ind24.jpg,Aaron_Nesmith.jpg
Tristen Newton,https://basketball.realgm.com/images/nba/4.2/profiles/photos/2006/Newton_Tristen_ind24.jpg,Tristen_Newton.jpg
Georges Niang,https://basketball.realgm.com/images/nba/4.2/profiles/photos/2006/Niang_Georges_cle24.jpg,Georges_Niang.jpg
Zeke Nnaji,https://basketball.realgm.com/images/nba/4.2/profiles/photos/2006/Nnaji_Zeke_den24.jpg,Zeke_Nnaji.jpg
Miles Norris,https://basketball.realgm.com/images/nba/4.2/profiles/photos/2006/Norris_Miles_atl23.jpg,Miles_Norris.jpg
Jusuf Nurkic,https://basketball.realgm.com/images/nba/4.2/profiles/photos/2006/Nurkic_Jusuf_phx24.jpg,Jusuf_Nurkic.jpg
Royce O'Neale,https://basketball.realgm.com/images/nba/4.2/profiles/photos/2006/Oneale_Royce_phx24.jpg,Royce_O'Neale.jpg
Josh Okogie,https://basketball.realgm.com/images/nba/4.2/profiles/photos/2006/Okogie_Josh_phx24.jpg,Josh_Okogie.jpg
Onyeka Okongwu,https://basketball.realgm.com/images/nba/4.2/profiles/photos/2006/Okongwu_Onyeka_atl24.jpg,Onyeka_Okongwu.jpg
Isaac Okoro,https://basketball.realgm.com/images/nba/4.2/profiles/photos/2006/Okoro_Isaac_cle24.jpg,Isaac_Okoro.jpg
Kelly Olynyk,https://basketball.realgm.com/images/nba/4.2/profiles/photos/2006/Olynyk_Kelly_tor24.jpg,Kelly_Olynyk.jpg
"Kelly Oubre, Jr.",https://basketball.realgm.com/images/nba/4.2/profiles/photos/2006/Oubre_Kelly_phi24.jpg,"Kelly_Oubre,_Jr..jpg"
Chris Paul,https://basketball.realgm.com/images/nba/4.2/profiles/photos/2006/Paul_Chris_sas24.jpg,Chris_Paul.jpg
Cameron Payne,https://basketball.realgm.com/images/nba/4.2/profiles/photos/2006/Payne_Cameron_nyk24.jpg,Cameron_Payne.jpg
Gary Payton II,https://basketball.realgm.com/images/nba/4.2/profiles/photos/2006/Payton_Gary_gsw24.jpg,Gary_Payton_II.jpg
Drew Peterson,https://basketball.realgm.com/images/nba/4.2/profiles/photos/2006/Peterson_Drew_bos24.jpg,Drew_Peterson.jpg
Julian Phillips,https://basketball.realgm.com/images/nba/4.2/profiles/photos/2006/Phillips_Julian_chi24.jpg,Julian_Phillips.jpg
Jalen Pickett,https://basketball.realgm.com/images/nba/4.2/profiles/photos/2006/Pickett_Jaden_den24.jpg,Jalen_Pickett.jpg
"Scotty Pippen, Jr.",https://basketball.realgm.com/images/nba/4.2/profiles/photos/2006/Pippen_Scotty_mem24.jpg,"Scotty_Pippen,_Jr..jpg"
Daeqwon Plowden,https://basketball.realgm.com/images/nba/4.2/profiles/photos/2006/Plowden_Daeqwon_nop22.jpg,Daeqwon_Plowden.jpg
Mason Plumlee,https://basketball.realgm.com/images/nba/4.2/profiles/photos/2006/Plumlee_Mason_phx24.jpg,Mason_Plumlee.jpg
Brandin Podziemski,https://basketball.realgm.com/images/nba/4.2/profiles/photos/2006/Podziemski_Brandin_gsw24.jpg,Brandin_Podziemski.jpg
Jakob Poeltl,https://basketball.realgm.com/images/nba/4.2/profiles/photos/2006/Poeltl_Jakob_tor24.jpg,Jakob_Poeltl.jpg
Jordan Poole,https://basketball.realgm.com/images/nba/4.2/profiles/photos/2006/Poole_Jordan_was24.jpg,Jordan_Poole.jpg
"Craig Porter, Jr.",https://basketball.realgm.com/images/nba/4.2/profiles/photos/2006/Porter_Craig_cle24.jpg,"Craig_Porter,_Jr..jpg"
"Kevin Porter, Jr.",https://basketball.realgm.com/images/nba/4.2/profiles/photos/2006/Porter_Kevin_lac24.jpg,"Kevin_Porter,_Jr..jpg"
"Michael Porter, Jr.",https://basketball.realgm.com/images/nba/4.2/profiles/photos/2006/Porter_Michael_den24.jpg,"Michael_Porter,_Jr..jpg"
Bobby Portis,https://basketball.realgm.com/images/nba/4.2/profiles/photos/2006/Portis_Bobby_mil24.jpg,Bobby_Portis.jpg
Kristaps Porzingis,https://basketball.realgm.com/images/nba/4.2/profiles/photos/2006/Porzingis_Kristaps_bos24.jpg,Kristaps_Porzingis.jpg
Quinten Post,https://basketball.realgm.com/images/nba/4.2/profiles/photos/2006/Post_Quinten_gsw24.jpg,Quinten_Post.jpg
Micah Potter,https://basketball.realgm.com/images/nba/4.2/profiles/photos/2006/Potter_Micah_uta24.jpg,Micah_Potter.jpg
Dwight Powell,https://basketball.realgm.com/images/nba/4.2/profiles/photos/2006/Powell_Dwight_dal24.jpg,Dwight_Powell.jpg
Norman Powell,https://basketball.realgm.com/images/nba/4.2/profiles/photos/2006/Powell_Norman_lac24.jpg,Norman_Powell.jpg
Taurean Prince,https://basketball.realgm.com/images/nba/4.2/profiles/photos/2006/Wallerpince_Taurean_mil24.jpg,Taurean_Prince.jpg
Payton Pritchard,https://basketball.realgm.com/images/nba/4.2/profiles/photos/2006/Pritchard_Payton_bos24.jpg,Payton_Pritchard.jpg
Olivier-Maxence Prosper,https://basketball.realgm.com/images/nba/4.2/profiles/photos/2006/Prosper_Olivier_dal24.jpg,Olivier-Maxence_Prosper.jpg
Zyon Pullin,https://basketball.realgm.com/images/nba/4.2/profiles/photos/2006/Pullin_Zyon_mia24.jpg,Zyon_Pullin.jpg
Trevelin Queen,https://basketball.realgm.com/images/nba/4.2/profiles/photos/2006/Queen_Trevelin_orl24.jpg,Trevelin_Queen.jpg
Neemias Queta,https://basketball.realgm.com/images/nba/4.2/profiles/photos/2006/Queta_Neemias_bos24.jpg,Neemias_Queta.jpg
Immanuel Quickley,https://basketball.realgm.com/images/nba/4.2/profiles/photos/2006/Quickley_Immanuel_tor24.jpg,Immanuel_Quickley.jpg
Lester Quinones,https://basketball.realgm.com/images/nba/4.2/profiles/photos/2006/Quinones_Lester_phi24.jpg,Lester_Quinones.jpg
Julius Randle,https://basketball.realgm.com/images/nba/4.2/profiles/photos/2006/Randle_Julius_min24.jpg,Julius_Randle.jpg
Duop Reath,https://basketball.realgm.com/images/nba/4.2/profiles/photos/2006/Reath_Duop_por24.jpg,Duop_Reath.jpg
Austin Reaves,https://basketball.realgm.com/images/nba/4.2/profiles/photos/2006/Reaves_Austin_lal24.jpg,Austin_Reaves.jpg
Cam Reddish,https://basketball.realgm.com/images/nba/4.2/profiles/photos/2006/Reddish_Cam_lal24.jpg,Cam_Reddish.jpg
"Paul Reed, Jr.",https://basketball.realgm.com/images/nba/4.2/profiles/photos/2006/Reed_Paul_det24.jpg,"Paul_Reed,_Jr..jpg"
Alex Reese,https://basketball.realgm.com/images/nba/4.2/profiles/photos/2006/Reese_Alex_okc24.jpg,Alex_Reese.jpg
Antonio Reeves,https://basketball.realgm.com/images/nba/4.2/profiles/photos/2006/Reeves_Antonio_nop24.jpg,Antonio_Reeves.jpg
Naz Reid,https://basketball.realgm.com/images/nba/4.2/profiles/photos/2006/Reid_Naz_min24.jpg,Naz_Reid.jpg
Jared Rhoden,https://basketball.realgm.com/images/nba/4.2/profiles/photos/2006/Rhoden_Jared_tor24.jpg,Jared_Rhoden.jpg
Nick Richards,https://basketball.realgm.com/images/nba/4.2/profiles/photos/2006/Richards_Nick_cha24.jpg,Nick_Richards.jpg
Zaccharie Risacher,https://basketball.realgm.com/images/nba/4.2/profiles/photos/2006/Risacher_Zaccharie_atl24.jpg,Zaccharie_Risacher.jpg
Duncan Robinson,https://basketball.realgm.com/images/nba/4.2/profiles/photos/2006/Robinson_Duncan_mia24.jpg,Duncan_Robinson.jpg
Mitchell Robinson,https://basketball.realgm.com/images/nba/4.2/profiles/photos/2006/Robinson_Mitchell_nyk24.jpg,Mitchell_Robinson.jpg
Orlando Robinson,https://basketball.realgm.com/images/nba/4.2/profiles/photos/2006/Robinson_Orlando_sac24.jpg,Orlando_Robinson.jpg
Jeremiah Robinson-Earl,https://basketball.realgm.com/images/nba/4.2/profiles/photos/2006/Robinsonearl_Jeremiah_nop24.jpg,Jeremiah_Robinson-Earl.jpg
David Roddy,https://basketball.realgm.com/images/nba/4.2/profiles/photos/2006/Roddy_David_atl24.jpg,David_Roddy.jpg
Ryan Rollins,https://basketball.realgm.com/images/nba/4.2/profiles/photos/2006/Rollins_Ryan_mil24.jpg,Ryan_Rollins.jpg
Jackson Rowe,https://basketball.realgm.com/images/nba/4.2/profiles/photos/2006/Rowe_Jackson_gsw24.jpg,Jackson_Rowe.jpg
Terry Rozier,https://basketball.realgm.com/images/nba/4.2/profiles/photos/2006/Rozier_Terry_mia24.jpg,Terry_Rozier.jpg
Rayan Rupert,https://basketball.realgm.com/images/nba/4.2/profiles/photos/2006/Rupert_Rayan_por24.jpg,Rayan_Rupert.jpg
D'Angelo Russell,https://basketball.realgm.com/images/nba/4.2/profiles/photos/2006/Russell_Dangelo_lal24.jpg,D'Angelo_Russell.jpg
Domantas Sabonis,https://basketball.realgm.com/images/nba/4.2/profiles/photos/2006/Sabonis_Domantas_sac23.jpg,Domantas_Sabonis.jpg
Tidjane Salaun,https://basketball.realgm.com/images/nba/4.2/profiles/photos/2006/Salaun_Tidjane_cha24.jpg,Tidjane_Salaun.jpg
Gui Santos,https://basketball.realgm.com/images/nba/4.2/profiles/photos/2006/Dossantos_Gui_gsw24.jpg,Gui_Santos.jpg
Dario Saric,https://basketball.realgm.com/images/nba/4.2/profiles/photos/2006/Saric_Dario_den24.jpg,Dario_Saric.jpg
Alex Sarr,https://basketball.realgm.com/images/nba/4.2/profiles/photos/2006/Sarr_Alexandre_was24.jpg,Alex_Sarr.jpg
Marcus Sasser,https://basketball.realgm.com/images/nba/4.2/profiles/photos/2006/Sasser_Marcus_det24.jpg,Marcus_Sasser.jpg
Baylor Scheierman,https://basketball.realgm.com/images/nba/4.2/profiles/photos/2006/Scheierman_Baylor_bos24.jpg,Baylor_Scheierman.jpg
Dennis Schroder,https://basketball.realgm.com/images/nba/4.2/profiles/photos/2006/Schroder_Dennis_bkn24.jpg,Dennis_Schroder.jpg
Alperen Sengun,https://basketball.realgm.com/images/nba/4.2/profiles/photos/2006/Sengun_Alperen_hou24.jpg,Alperen_Sengun.jpg
Brice Sensabaugh,https://basketball.realgm.com/images/nba/4.2/profiles/photos/2006/Sensabaugh_Brice_uta24.jpg,Brice_Sensabaugh.jpg
Collin Sexton,https://basketball.realgm.com/images/nba/4.2/profiles/photos/2006/Sexton_Collin_uta24.jpg,Collin_Sexton.jpg
Landry Shamet,https://basketball.realgm.com/images/nba/4.2/profiles/photos/2006/Shamet_Landry_nyk24.jpg,Landry_Shamet.jpg
"Terrence Shannon, Jr.",https://basketball.realgm.com/images/nba/4.2/profiles/photos/2006/Shannon_Terrence_min24.jpg,"Terrence_Shannon,_Jr..jpg"
Day'Ron Sharpe,https://basketball.realgm.com/images/nba/4.2/profiles/photos/2006/Sharpe_Dayron_bkn24.jpg,Day'Ron_Sharpe.jpg
Shaedon Sharpe,https://basketball.realgm.com/images/nba/4.2/profiles/photos/2006/Sharpe_Shaedon_por24.jpg,Shaedon_Sharpe.jpg
Jamal Shead,https://basketball.realgm.com/images/nba/4.2/profiles/photos/2006/Shead_Jamal_tor24.jpg,Jamal_Shead.jpg
Ben Sheppard,https://basketball.realgm.com/images/nba/4.2/profiles/photos/2006/Sheppard_Ben_ind24.jpg,Ben_Sheppard.jpg
Reed Sheppard,https://basketball.realgm.com/images/nba/4.2/profiles/photos/2006/Sheppard_Reed_hou24.jpg,Reed_Sheppard.jpg
Pascal Siakam,https://basketball.realgm.com/images/nba/4.2/profiles/photos/2006/Siakam_Pascal_ind24.jpg,Pascal_Siakam.jpg
Ben Simmons,https://basketball.realgm.com/images/nba/4.2/profiles/photos/2006/Simmons_Ben_bkn23.jpg,Ben_Simmons.jpg
Anfernee Simons,https://basketball.realgm.com/images/nba/4.2/profiles/photos/2006/Simons_Anfernee_por24.jpg,Anfernee_Simons.jpg
K.J. Simpson,https://basketball.realgm.com/images/nba/4.2/profiles/photos/2006/Simpson_KJ_cha24.jpg,K.J._Simpson.jpg
Jericho Sims,https://basketball.realgm.com/images/nba/4.2/profiles/photos/2006/Sims_Jericho_nyk24.jpg,Jericho_Sims.jpg
Marcus Smart,https://basketball.realgm.com/images/nba/4.2/profiles/photos/2006/Smart_Marcus_mem24.jpg,Marcus_Smart.jpg
Dru Smith,https://basketball.realgm.com/images/nba/4.2/profiles/photos/2006/Smith_Dru_mia24.jpg,Dru_Smith.jpg
Jalen Smith,https://basketball.realgm.com/images/nba/4.2/profiles/photos/2006/Smith_Jalen_chi24.jpg,Jalen_Smith.jpg
"Jabari Smith, Jr.",https://basketball.realgm.com/images/nba/4.2/profiles/photos/2006/Smith_Jabari_hou24.jpg,"Jabari_Smith,_Jr..jpg"
"Nick Smith, Jr.",https://basketball.realgm.com/images/nba/4.2/profiles/photos/2006/Smith_Nick_cha24.jpg,"Nick_Smith,_Jr..jpg"
Tolu Smith,https://basketball.realgm.com/images/nba/4.2/profiles/photos/2006/Smith_Tolu_det24.jpg,Tolu_Smith.jpg
Tyler Smith,https://basketball.realgm.com/images/nba/4.2/profiles/photos/2006/Smith_Tyler_mil24.jpg,Tyler_Smith.jpg
Jeremy Sochan,https://basketball.realgm.com/images/nba/4.2/profiles/photos/2006/Sochan_Jeremy_sas24.jpg,Jeremy_Sochan.jpg
Cam Spencer,https://basketball.realgm.com/images/nba/4.2/profiles/photos/2006/Spencer_Cam_mem24.jpg,Cam_Spencer.jpg
Pat Spencer,https://basketball.realgm.com/images/nba/4.2/profiles/photos/2006/Spencer_Pat_gsw24.jpg,Pat_Spencer.jpg
Jaden Springer,https://basketball.realgm.com/images/nba/4.2/profiles/photos/2006/Springer_Jayden_bos24.jpg,Jaden_Springer.jpg
Isaiah Stevens,https://basketball.realgm.com/images/nba/4.2/profiles/photos/2006/Stevens_Isaiah_mia24.jpg,Isaiah_Stevens.jpg
Lamar Stevens,https://basketball.realgm.com/images/nba/4.2/profiles/photos/2006/Stevens_Lamar_det24.jpg,Lamar_Stevens.jpg
Isaiah Stewart II,https://basketball.realgm.com/images/nba/4.2/profiles/photos/2006/Stewart_Isaiah_det24.jpg,Isaiah_Stewart_II.jpg
Julian Strawther,https://basketball.realgm.com/images/nba/4.2/profiles/photos/2006/Strawther_Julian_den24.jpg,Julian_Strawther.jpg
Max Strus,https://basketball.realgm.com/images/nba/4.2/profiles/photos/2006/Strus_Max_cle24.jpg,Max_Strus.jpg
Jalen Suggs,https://basketball.realgm.com/images/nba/4.2/profiles/photos/2006/Suggs_Jalen_orl24.jpg,Jalen_Suggs.jpg
Jae'sean Tate,https://basketball.realgm.com/images/nba/4.2/profiles/photos/2006/Tate_Jaesean_hou24.jpg,Jae'sean_Tate.jpg
Jayson Tatum,https://basketball.realgm.com/images/nba/4.2/profiles/photos/2006/Tatum_Jayson_bos24.jpg,Jayson_Tatum.jpg
Garrett Temple,https://basketball.realgm.com/images/nba/4.2/profiles/photos/2006/Temple_Garrett_tor24.jpg,Garrett_Temple.jpg
Dalen Terry,https://basketball.realgm.com/images/nba/4.2/profiles/photos/2006/Terry_Dalen_chi24.jpg,Dalen_Terry.jpg
Cam Thomas,https://basketball.realgm.com/images/nba/4.2/profiles/photos/2006/Thomas_Cam_bkn24.jpg,Cam_Thomas.jpg
Amen Thompson,https://basketball.realgm.com/images/nba/4.2/profiles/photos/2006/Thompson_Amen_hou24.jpg,Amen_Thompson.jpg
Ausar Thompson,https://basketball.realgm.com/images/nba/4.2/profiles/photos/2006/Thompson_Ausar_det24.jpg,Ausar_Thompson.jpg
Ethan Thompson,https://basketball.realgm.com/images/nba/4.2/profiles/photos/2006/Thompson_Ethan_orl24.jpg,Ethan_Thompson.jpg
Klay Thompson,https://basketball.realgm.com/images/nba/4.2/profiles/photos/2006/Thompson_Klay_dal24.jpg,Klay_Thompson.jpg
Tristan Thompson,https://basketball.realgm.com/images/nba/4.2/profiles/photos/2006/Thompson_Tristan_cle24.jpg,Tristan_Thompson.jpg
J.T. Thor,https://basketball.realgm.com/images/nba/4.2/profiles/photos/2006/Thor_JT_cle24.jpg,J.T._Thor.jpg
Matisse Thybulle,https://basketball.realgm.com/images/nba/4.2/profiles/photos/2006/Thybulle_Matisse_por24.jpg,Matisse_Thybulle.jpg
"Xavier Tillman, Sr.",https://basketball.realgm.com/images/nba/4.2/profiles/photos/2006/Tillman_Xavier_bos24.jpg,"Xavier_Tillman,_Sr..jpg"
Nae'qwan Tomlin,https://basketball.realgm.com/images/nba/4.2/profiles/photos/2006/Tomlin_Naeqwan_kst22.jpg,Nae'qwan_Tomlin.jpg
Nikola Topic,https://basketball.realgm.com/images/nba/4.2/profiles/photos/2006/Topic_Nikola_mia24.jpg,Nikola_Topic.jpg
Obi Toppin,https://basketball.realgm.com/images/nba/4.2/profiles/photos/2006/Toppin_Obi_ind24.jpg,Obi_Toppin.jpg
Karl-Anthony Towns,https://basketball.realgm.com/images/nba/4.2/profiles/photos/2006/Towns_Karlanthony_nyk24.jpg,Karl-Anthony_Towns.jpg
Luke Travers,https://basketball.realgm.com/images/nba/4.2/profiles/photos/2006/Travers_Luke_cle24.jpg,Luke_Travers.jpg
"Gary Trent, Jr.",https://basketball.realgm.com/images/nba/4.2/profiles/photos/2006/Trent_Gary_mil24.jpg,"Gary_Trent,_Jr..jpg"
Oscar Tshiebwe,https://basketball.realgm.com/images/nba/4.2/profiles/photos/2006/Tshiebwe_Oscar_uta24.jpg,Oscar_Tshiebwe.jpg
Myles Turner,https://basketball.realgm.com/images/nba/4.2/profiles/photos/2006/Turner_Myles_ind24.jpg,Myles_Turner.jpg
Hunter Tyson,https://basketball.realgm.com/images/nba/4.2/profiles/photos/2006/Tyson_Hunter_den24.jpg,Hunter_Tyson.jpg
Jaylon Tyson,https://basketball.realgm.com/images/nba/4.2/profiles/photos/2006/Tyson_Jaylon_cle24.jpg,Jaylon_Tyson.jpg
Stanley Umude,https://basketball.realgm.com/images/nba/4.2/profiles/photos/2006/Umude_Stanley_mil24.jpg,Stanley_Umude.jpg
Jonas Valanciunas,https://basketball.realgm.com/images/nba/4.2/profiles/photos/2006/Valanciunas_Jonas_was24.jpg,Jonas_Valanciunas.jpg
Fred VanVleet,https://basketball.realgm.com/images/nba/4.2/profiles/photos/2006/Vanvleet_Fred_hou24.jpg,Fred_VanVleet.jpg
Jarred Vanderbilt,https://basketball.realgm.com/images/nba/4.2/profiles/photos/2006/Vanderbilt_Jarred_lal24.jpg,Jarred_Vanderbilt.jpg
Devin Vassell,https://basketball.realgm.com/images/nba/4.2/profiles/photos/2006/Vassell_Devin_sas24.jpg,Devin_Vassell.jpg
Gabe Vincent,https://basketball.realgm.com/images/nba/4.2/profiles/photos/2006/Vincent_Gabe_lal24.jpg,Gabe_Vincent.jpg
Nikola Vucevic,https://basketball.realgm.com/images/nba/4.2/profiles/photos/2006/Vucevic_Nikola_chi24.jpg,Nikola_Vucevic.jpg
Tristan Vukcevic,https://basketball.realgm.com/images/nba/4.2/profiles/photos/2006/Tsalikivouktsevits_Tristan_was24.jpg,Tristan_Vukcevic.jpg
Dean Wade,https://basketball.realgm.com/images/nba/4.2/profiles/photos/2006/Wade_Dean_cle24.jpg,Dean_Wade.jpg
Franz Wagner,https://basketball.realgm.com/images/nba/4.2/profiles/photos/2006/Wagner_Franz_orl24.jpg,Franz_Wagner.jpg
Moe Wagner,https://basketball.realgm.com/images/nba/4.2/profiles/photos/2006/Wagner_Moritz_orl24.jpg,Moe_Wagner.jpg
Jabari Walker,https://basketball.realgm.com/images/nba/4.2/profiles/photos/2006/Walker_Jabari_por24.jpg,Jabari_Walker.jpg
Jarace Walker,https://basketball.realgm.com/images/nba/4.2/profiles/photos/2006/Walker_Jarace_ind24.jpg,Jarace_Walker.jpg
Lonnie Walker,https://basketball.realgm.com/images/nba/4.2/profiles/photos/2006/Walker_Lonnie_bos24.jpg,Lonnie_Walker.jpg
Cason Wallace,https://basketball.realgm.com/images/nba/4.2/profiles/photos/2006/Wallace_Cason_okc24.jpg,Cason_Wallace.jpg
Keaton Wallace,https://basketball.realgm.com/images/nba/4.2/profiles/photos/2006/Wallace_Keaton_atl24.jpg,Keaton_Wallace.jpg
Jordan Walsh,https://basketball.realgm.com/images/nba/4.2/profiles/photos/2006/Walsh_Jordan_bos24.jpg,Jordan_Walsh.jpg
Ja'Kobe Walter,https://basketball.realgm.com/images/nba/4.2/profiles/photos/2006/Walter_Jakobe_tor24.jpg,Ja'Kobe_Walter.jpg
Kel'el Ware,https://basketball.realgm.com/images/nba/4.2/profiles/photos/2006/Ware_Kelel_mia24.jpg,Kel'el_Ware.jpg
"TyTy Washington, Jr.",https://basketball.realgm.com/images/nba/4.2/profiles/photos/2006/Washington_Tyty_phx24.jpg,"TyTy_Washington,_Jr..jpg"
P.J. Washington,https://basketball.realgm.com/images/nba/4.2/profiles/photos/2006/Washington_PJ_dal24.jpg,P.J._Washington.jpg
Lindy Waters III,https://basketball.realgm.com/images/nba/4.2/profiles/photos/2006/Waters_Lindy_gsw24.jpg,Lindy_Waters_III.jpg
Trendon Watford,https://basketball.realgm.com/images/nba/4.2/profiles/photos/2006/Watford_Trendon_bkn24.jpg,Trendon_Watford.jpg
Peyton Watson,https://basketball.realgm.com/images/nba/4.2/profiles/photos/2006/Watson_Peyton_den24.jpg,Peyton_Watson.jpg
Jaylen Wells,https://basketball.realgm.com/images/nba/4.2/profiles/photos/2006/Wells_Jaylen_mem24.jpg,Jaylen_Wells.jpg
Victor Wembanyama,https://basketball.realgm.com/images/nba/4.2/profiles/photos/2006/Wembanyama_Victor_sas24.jpg,Victor_Wembanyama.jpg
Blake Wesley,https://basketball.realgm.com/images/nba/4.2/profiles/photos/2006/Wesley_Blake_sas24.jpg,Blake_Wesley.jpg
Russell Westbrook,https://basketball.realgm.com/images/nba/4.2/profiles/photos/2006/Westbrook_Russell_den24.jpg,Russell_Westbrook.jpg
Coby White,https://basketball.realgm.com/images/nba/4.2/profiles/photos/2006/White_Coby_chi24.jpg,Coby_White.jpg
Derrick White,https://basketball.realgm.com/images/nba/4.2/profiles/photos/2006/White_Derrick_bos24.jpg,Derrick_White.jpg
Dariq Whitehead,https://basketball.realgm.com/images/nba/4.2/profiles/photos/2006/Whitehead_Dariq_bkn24.jpg,Dariq_Whitehead.jpg
Cam Whitmore,https://basketball.realgm.com/images/nba/4.2/profiles/photos/2006/Whitmore_Cam_hou24.jpg,Cam_Whitmore.jpg
Aaron Wiggins,https://basketball.realgm.com/images/nba/4.2/profiles/photos/2006/Wiggins_Aaron_okc24.jpg,Aaron_Wiggins.jpg
Andrew Wiggins,https://basketball.realgm.com/images/nba/4.2/profiles/photos/2006/Wiggins_Andrew_gsw24.jpg,Andrew_Wiggins.jpg
Brandon Williams,https://basketball.realgm.com/images/nba/4.2/profiles/photos/2006/Williams_Brandon_dal24.jpg,Brandon_Williams.jpg
Cody Williams,https://basketball.realgm.com/images/nba/4.2/profiles/photos/2006/Williams_Cody_uta24.jpg,Cody_Williams.jpg
Grant Williams,https://basketball.realgm.com/images/nba/4.2/profiles/photos/2006/Williams_Grant_cha24.jpg,Grant_Williams.jpg
Jalen Williams,https://basketball.realgm.com/images/nba/4.2/profiles/photos/2006/Williams_Jalen_okc24.jpg,Jalen_Williams.jpg
Jaylin Williams,https://basketball.realgm.com/images/nba/4.2/profiles/photos/2006/Williams_Jaylin_okc23.jpg,Jaylin_Williams.jpg
"Nate Williams, Jr.",https://basketball.realgm.com/images/nba/4.2/profiles/photos/2006/Williams_Nate_hou24.jpg,"Nate_Williams,_Jr..jpg"
"Vincent Williams, Jr.",https://basketball.realgm.com/images/nba/4.2/profiles/photos/2006/Williams_Vince_mem24.jpg,"Vincent_Williams,_Jr..jpg"
Kenrich Williams,https://basketball.realgm.com/images/nba/4.2/profiles/photos/2006/Williams_Kenrich_okc24.jpg,Kenrich_Williams.jpg
Mark Williams,https://basketball.realgm.com/images/nba/4.2/profiles/photos/2006/Williams_Mark_cha24.jpg,Mark_Williams.jpg
Patrick Williams,https://basketball.realgm.com/images/nba/4.2/profiles/photos/2006/Williams_Patrick_chi24.jpg,Patrick_Williams.jpg
Robert Williams,https://basketball.realgm.com/images/nba/4.2/profiles/photos/2006/Williams_Robert_por24.jpg,Robert_Williams.jpg
Ziaire Williams,https://basketball.realgm.com/images/nba/4.2/profiles/photos/2006/Williams_Ziaire_bkn24.jpg,Ziaire_Williams.jpg
Zion Williamson,https://basketball.realgm.com/images/nba/4.2/profiles/photos/2006/Williamson_Zion_nop24.jpg,Zion_Williamson.jpg
Jalen Wilson,https://basketball.realgm.com/images/nba/4.2/profiles/photos/2006/Wilson_Jalen_bkn24.jpg,Jalen_Wilson.jpg
Delon Wright,https://basketball.realgm.com/images/nba/4.2/profiles/photos/2006/Wright_Delon_mil24.jpg,Delon_Wright.jpg
Guerschon Yabusele,https://basketball.realgm.com/images/nba/4.2/profiles/photos/2006/Yabusele_Guerschon_bos_18.jpg,Guerschon_Yabusele.jpg
Jahmir Young,https://basketball.realgm.com/images/nba/4.2/profiles/photos/2006/Young_Jahmir_den24.jpg,Jahmir_Young.jpg
Trae Young,https://basketball.realgm.com/images/nba/4.2/profiles/photos/2006/Young_Trae_atl23.jpg,Trae_Young.jpg
Ivica Zubac,https://basketball.realgm.com/images/nba/4.2/profiles/photos/2006/Zubac_Ivica_lac23.jpg,Ivica_Zubac.jpg
